starttime	seconds	ctime	dtime	ttime	wait
Wed Apr 18 09:09:23 2018	1524064163	0	141	141	125
Wed Apr 18 09:09:23 2018	1524064163	0	234	234	219
Wed Apr 18 09:09:23 2018	1524064163	0	361	361	345
Wed Apr 18 09:09:23 2018	1524064163	0	468	468	466
Wed Apr 18 09:09:23 2018	1524064163	0	562	562	562
Wed Apr 18 09:09:23 2018	1524064163	0	656	656	656
Wed Apr 18 09:09:23 2018	1524064163	0	749	749	734
Wed Apr 18 09:09:23 2018	1524064163	0	843	843	828
Wed Apr 18 09:09:23 2018	1524064163	0	937	937	921
Wed Apr 18 09:09:23 2018	1524064163	0	1046	1046	1046
Wed Apr 18 09:09:23 2018	1524064163	0	1171	1171	1156
Wed Apr 18 09:09:23 2018	1524064163	0	1265	1265	1249
Wed Apr 18 09:09:23 2018	1524064163	0	1358	1358	1342
Wed Apr 18 09:09:23 2018	1524064163	0	1458	1458	1452
Wed Apr 18 09:09:23 2018	1524064163	0	1547	1547	1547
Wed Apr 18 09:09:23 2018	1524064163	0	1641	1641	1641
Wed Apr 18 09:09:23 2018	1524064163	0	1735	1735	1735
Wed Apr 18 09:09:23 2018	1524064163	0	1828	1828	1828
Wed Apr 18 09:09:23 2018	1524064163	0	1938	1938	1922
Wed Apr 18 09:09:23 2018	1524064163	0	2031	2031	2031
Wed Apr 18 09:09:23 2018	1524064163	0	2157	2157	2157
Wed Apr 18 09:09:23 2018	1524064163	0	2250	2250	2250
Wed Apr 18 09:09:23 2018	1524064163	0	2345	2345	2345
Wed Apr 18 09:09:23 2018	1524064163	0	2447	2447	2442
Wed Apr 18 09:09:23 2018	1524064163	0	2530	2530	2530
Wed Apr 18 09:09:23 2018	1524064163	0	2624	2624	2624
Wed Apr 18 09:09:23 2018	1524064163	16	2693	2709	2693
Wed Apr 18 09:09:23 2018	1524064163	0	2787	2787	2787
Wed Apr 18 09:09:23 2018	1524064163	0	2881	2881	2881
Wed Apr 18 09:09:23 2018	1524064163	0	2975	2975	2975
Wed Apr 18 09:09:23 2018	1524064163	0	3068	3068	3053
Wed Apr 18 09:09:23 2018	1524064163	0	3162	3162	3162
Wed Apr 18 09:09:23 2018	1524064163	0	3271	3271	3271
Wed Apr 18 09:09:23 2018	1524064163	0	3389	3389	3373
Wed Apr 18 09:09:23 2018	1524064163	0	7438	7438	7437
Wed Apr 18 09:09:23 2018	1524064163	0	7438	7438	7437
Wed Apr 18 09:09:23 2018	1524064163	0	7438	7438	7437
Wed Apr 18 09:09:23 2018	1524064163	0	7439	7439	7437
Wed Apr 18 09:09:23 2018	1524064163	0	7439	7439	7437
Wed Apr 18 09:09:23 2018	1524064163	0	7439	7439	7437
Wed Apr 18 09:09:23 2018	1524064163	0	7439	7439	7437
Wed Apr 18 09:09:23 2018	1524064163	0	7439	7439	7437
Wed Apr 18 09:09:23 2018	1524064163	0	7440	7440	7437
Wed Apr 18 09:09:23 2018	1524064163	0	7440	7440	7437
Wed Apr 18 09:09:23 2018	1524064163	0	7440	7440	7437
Wed Apr 18 09:09:23 2018	1524064163	0	7440	7440	7437
Wed Apr 18 09:09:23 2018	1524064163	0	7441	7441	7437
Wed Apr 18 09:09:23 2018	1524064163	0	7441	7441	7437
Wed Apr 18 09:09:23 2018	1524064163	0	7441	7441	7437
Wed Apr 18 09:09:23 2018	1524064163	0	7441	7441	7437
Wed Apr 18 09:09:23 2018	1524064163	0	7441	7441	7437
Wed Apr 18 09:09:23 2018	1524064163	0	7442	7442	7437
Wed Apr 18 09:09:23 2018	1524064163	0	7442	7442	7437
Wed Apr 18 09:09:23 2018	1524064163	0	7442	7442	7437
Wed Apr 18 09:09:23 2018	1524064163	0	7442	7442	7437
Wed Apr 18 09:09:23 2018	1524064163	0	7443	7443	7437
Wed Apr 18 09:09:23 2018	1524064163	0	7443	7443	7437
Wed Apr 18 09:09:23 2018	1524064163	0	7443	7443	7437
Wed Apr 18 09:09:23 2018	1524064163	0	7443	7443	7437
Wed Apr 18 09:09:23 2018	1524064163	0	7444	7444	7437
Wed Apr 18 09:09:23 2018	1524064163	0	7444	7444	7437
Wed Apr 18 09:09:23 2018	1524064163	0	7444	7444	7437
Wed Apr 18 09:09:23 2018	1524064163	0	7444	7444	7437
Wed Apr 18 09:09:23 2018	1524064163	0	7445	7445	7437
Wed Apr 18 09:09:23 2018	1524064163	0	7445	7445	7437
Wed Apr 18 09:09:23 2018	1524064163	0	7445	7445	7437
Wed Apr 18 09:09:23 2018	1524064163	0	7445	7445	7437
Wed Apr 18 09:09:23 2018	1524064163	0	7446	7446	7437
Wed Apr 18 09:09:23 2018	1524064163	0	7446	7446	7437
Wed Apr 18 09:09:23 2018	1524064163	0	7446	7446	7437
Wed Apr 18 09:09:23 2018	1524064163	0	7446	7446	7437
Wed Apr 18 09:09:23 2018	1524064163	0	7446	7446	7437
Wed Apr 18 09:09:23 2018	1524064163	0	7447	7447	7437
Wed Apr 18 09:09:23 2018	1524064163	0	7447	7447	7437
Wed Apr 18 09:09:23 2018	1524064163	0	7452	7452	7449
Wed Apr 18 09:09:23 2018	1524064163	0	7546	7546	7530
Wed Apr 18 09:09:23 2018	1524064163	0	7624	7624	7624
Wed Apr 18 09:09:23 2018	1524064163	0	7718	7718	7718
Wed Apr 18 09:09:23 2018	1524064163	0	7812	7812	7812
Wed Apr 18 09:09:23 2018	1524064163	0	7905	7905	7890
Wed Apr 18 09:09:23 2018	1524064163	0	7999	7999	7983
Wed Apr 18 09:09:23 2018	1524064163	0	8077	8077	8077
Wed Apr 18 09:09:23 2018	1524064163	0	8181	8181	8165
Wed Apr 18 09:09:23 2018	1524064163	0	8329	8329	8275
Wed Apr 18 09:09:23 2018	1524064163	0	8437	8437	8432
Wed Apr 18 09:09:23 2018	1524064163	0	8515	8515	8515
Wed Apr 18 09:09:23 2018	1524064163	0	8609	8609	8609
Wed Apr 18 09:09:23 2018	1524064163	0	8703	8703	8703
Wed Apr 18 09:09:23 2018	1524064163	0	8796	8796	8796
Wed Apr 18 09:09:23 2018	1524064163	0	8906	8906	8890
Wed Apr 18 09:09:23 2018	1524064163	0	9000	9000	9000
Wed Apr 18 09:09:23 2018	1524064163	0	9093	9093	9078
Wed Apr 18 09:09:23 2018	1524064163	0	9187	9187	9171
Wed Apr 18 09:09:23 2018	1524064163	0	9265	9265	9265
Wed Apr 18 09:09:23 2018	1524064163	0	9357	9357	9357
Wed Apr 18 09:09:23 2018	1524064163	0	9483	9483	9483
Wed Apr 18 09:09:23 2018	1524064163	0	9593	9593	9593
Wed Apr 18 09:09:23 2018	1524064163	0	9686	9686	9686
Wed Apr 18 09:09:23 2018	1524064163	0	9780	9780	9780
Wed Apr 18 09:09:23 2018	1524064163	0	9874	9874	9858
Wed Apr 18 09:09:23 2018	1524064163	0	9968	9968	9952
Wed Apr 18 09:09:23 2018	1524064163	16	10077	10093	10061
Wed Apr 18 09:09:23 2018	1524064163	0	10171	10171	10171
Wed Apr 18 09:09:23 2018	1524064163	0	10264	10264	10249
Wed Apr 18 09:09:23 2018	1524064163	0	10345	10345	10345
Wed Apr 18 09:09:23 2018	1524064163	0	10436	10436	10436
Wed Apr 18 09:09:23 2018	1524064163	0	10541	10541	10536
Wed Apr 18 09:09:23 2018	1524064163	0	10640	10640	10640
Wed Apr 18 09:09:23 2018	1524064163	0	10734	10734	10734
Wed Apr 18 09:09:23 2018	1524064163	0	10876	10876	10829
Wed Apr 18 09:09:23 2018	1524064163	0	10969	10969	10969
Wed Apr 18 09:09:23 2018	1524064163	0	11063	11063	11063
Wed Apr 18 09:09:23 2018	1524064163	0	11157	11157	11141
Wed Apr 18 09:09:23 2018	1524064163	0	11235	11235	11235
Wed Apr 18 09:09:23 2018	1524064163	0	11342	11342	11327
Wed Apr 18 09:09:23 2018	1524064163	0	11436	11436	11431
Wed Apr 18 09:09:23 2018	1524064163	0	11515	11515	11515
Wed Apr 18 09:09:23 2018	1524064163	0	11609	11609	11609
Wed Apr 18 09:09:23 2018	1524064163	0	11703	11703	11687
Wed Apr 18 09:09:23 2018	1524064163	0	11796	11796	11781
Wed Apr 18 09:09:23 2018	1524064163	0	11938	11938	11875
Wed Apr 18 09:09:23 2018	1524064163	0	12031	12031	12031
Wed Apr 18 09:09:23 2018	1524064163	0	12125	12125	12125
Wed Apr 18 09:09:23 2018	1524064163	0	12218	12218	12203
Wed Apr 18 09:09:23 2018	1524064163	0	12313	12313	12298
Wed Apr 18 09:09:23 2018	1524064163	0	12405	12405	12400
Wed Apr 18 09:09:23 2018	1524064163	0	12483	12483	12483
Wed Apr 18 09:09:23 2018	1524064163	0	12577	12577	12577
Wed Apr 18 09:09:23 2018	1524064163	0	12671	12671	12671
Wed Apr 18 09:09:23 2018	1524064163	0	12765	12765	12765
Wed Apr 18 09:09:23 2018	1524064163	0	12858	12858	12843
Wed Apr 18 09:09:23 2018	1524064163	0	12936	12936	12936
Wed Apr 18 09:09:23 2018	1524064163	0	13030	13030	13030
Wed Apr 18 09:09:23 2018	1524064163	0	13124	13124	13124
Wed Apr 18 09:09:23 2018	1524064163	0	13218	13218	13202
Wed Apr 18 09:09:23 2018	1524064163	0	13311	13311	13311
Wed Apr 18 09:09:23 2018	1524064163	0	13408	13408	13403
Wed Apr 18 09:09:23 2018	1524064163	0	13484	13484	13484
Wed Apr 18 09:09:23 2018	1524064163	0	13578	13578	13578
Wed Apr 18 09:09:23 2018	1524064163	0	13671	13671	13671
Wed Apr 18 09:09:23 2018	1524064163	0	13765	13765	13765
Wed Apr 18 09:09:23 2018	1524064163	0	13859	13859	13843
Wed Apr 18 09:09:23 2018	1524064163	0	13953	13953	13937
Wed Apr 18 09:09:23 2018	1524064163	0	14031	14031	14031
Wed Apr 18 09:09:23 2018	1524064163	0	14125	14125	14125
Wed Apr 18 09:09:23 2018	1524064163	0	14218	14218	14218
Wed Apr 18 09:09:23 2018	1524064163	0	14314	14314	14298
Wed Apr 18 09:09:23 2018	1524064163	0	14407	14407	14402
Wed Apr 18 09:09:23 2018	1524064163	0	14484	14484	14484
Wed Apr 18 09:09:23 2018	1524064163	0	14577	14577	14577
Wed Apr 18 09:09:23 2018	1524064163	0	14671	14671	14671
Wed Apr 18 09:09:23 2018	1524064163	0	14765	14765	14765
Wed Apr 18 09:09:23 2018	1524064163	0	14859	14859	14859
Wed Apr 18 09:09:23 2018	1524064163	0	14952	14952	14937
Wed Apr 18 09:09:23 2018	1524064163	0	15030	15030	15030
Wed Apr 18 09:09:31 2018	1524064171	0	15123	15123	15123
Wed Apr 18 09:09:23 2018	1524064163	0	15140	15140	15140
Wed Apr 18 09:09:31 2018	1524064171	0	15217	15217	15201
Wed Apr 18 09:09:23 2018	1524064163	0	15234	15234	15234
Wed Apr 18 09:09:31 2018	1524064171	0	15295	15295	15294
Wed Apr 18 09:09:23 2018	1524064163	0	15327	15327	15327
Wed Apr 18 09:10:39 2018	1524064239	0	15360	15360	15360
Wed Apr 18 09:09:31 2018	1524064171	0	15388	15388	15388
Wed Apr 18 09:09:23 2018	1524064163	0	15429	15429	15423
Wed Apr 18 09:10:39 2018	1524064239	0	15454	15454	15439
Wed Apr 18 09:09:31 2018	1524064171	0	15513	15513	15482
Wed Apr 18 09:09:23 2018	1524064163	0	15515	15515	15500
Wed Apr 18 09:10:39 2018	1524064239	0	15548	15548	15532
Wed Apr 18 09:09:31 2018	1524064171	0	15591	15591	15591
Wed Apr 18 09:09:23 2018	1524064163	0	15593	15593	15593
Wed Apr 18 09:10:39 2018	1524064239	0	15626	15626	15626
Wed Apr 18 09:09:31 2018	1524064171	0	15685	15685	15685
Wed Apr 18 09:09:23 2018	1524064163	0	15687	15687	15687
Wed Apr 18 09:10:39 2018	1524064239	0	15720	15720	15720
Wed Apr 18 09:09:31 2018	1524064171	1	15778	15779	15778
Wed Apr 18 09:09:23 2018	1524064163	0	15781	15781	15781
Wed Apr 18 09:10:39 2018	1524064239	0	15814	15814	15814
Wed Apr 18 09:09:23 2018	1524064163	0	15875	15875	15875
Wed Apr 18 09:09:31 2018	1524064171	0	15877	15877	15872
Wed Apr 18 09:10:39 2018	1524064239	0	15907	15907	15892
Wed Apr 18 09:09:23 2018	1524064163	0	15968	15968	15968
Wed Apr 18 09:09:31 2018	1524064171	0	15969	15969	15964
Wed Apr 18 09:10:39 2018	1524064239	0	15998	15998	15983
Wed Apr 18 09:09:29 2018	1524064169	1015	15030	16046	15030
Wed Apr 18 09:09:31 2018	1524064171	0	16060	16060	16045
Wed Apr 18 09:09:23 2018	1524064163	0	16062	16062	16046
Wed Apr 18 09:10:39 2018	1524064239	0	16092	16092	16076
Wed Apr 18 09:09:31 2018	1524064171	0	16139	16139	16138
Wed Apr 18 09:09:23 2018	1524064163	0	16140	16140	16140
Wed Apr 18 09:10:39 2018	1524064239	0	16174	16174	16174
Wed Apr 18 09:09:31 2018	1524064171	0	16231	16231	16231
Wed Apr 18 09:09:23 2018	1524064163	0	16234	16234	16234
Wed Apr 18 09:10:39 2018	1524064239	0	16280	16280	16275
Wed Apr 18 09:10:38 2018	1524064238	1015	15277	16292	15272
Wed Apr 18 09:09:31 2018	1524064171	0	16325	16325	16309
Wed Apr 18 09:09:23 2018	1524064163	16	16314	16329	16314
Wed Apr 18 09:10:39 2018	1524064239	0	16359	16359	16359
Wed Apr 18 09:09:23 2018	1524064163	0	16416	16416	16411
Wed Apr 18 09:09:31 2018	1524064171	0	16419	16419	16419
Wed Apr 18 09:10:39 2018	1524064239	0	16453	16453	16453
Wed Apr 18 09:09:23 2018	1524064163	0	16499	16499	16499
Wed Apr 18 09:09:31 2018	1524064171	0	16544	16544	16497
Wed Apr 18 09:10:39 2018	1524064239	0	16547	16547	16547
Wed Apr 18 09:09:23 2018	1524064163	0	16593	16593	16577
Wed Apr 18 09:09:31 2018	1524064171	0	16637	16637	16637
Wed Apr 18 09:10:39 2018	1524064239	0	16640	16640	16625
Wed Apr 18 09:09:23 2018	1524064163	0	16671	16671	16671
Wed Apr 18 09:10:39 2018	1524064239	0	16719	16719	16719
Wed Apr 18 09:09:31 2018	1524064171	0	16730	16730	16715
Wed Apr 18 09:09:23 2018	1524064163	0	16765	16765	16765
Wed Apr 18 09:09:31 2018	1524064171	0	16809	16809	16809
Wed Apr 18 09:10:39 2018	1524064239	0	16812	16812	16812
Wed Apr 18 09:09:23 2018	1524064163	0	16859	16859	16859
Wed Apr 18 09:10:39 2018	1524064239	0	16906	16906	16906
Wed Apr 18 09:09:31 2018	1524064171	0	16979	16979	16903
Wed Apr 18 09:09:23 2018	1524064163	0	16984	16984	16968
Wed Apr 18 09:10:39 2018	1524064239	0	17000	17000	16984
Wed Apr 18 09:09:31 2018	1524064171	1	17056	17057	17056
Wed Apr 18 09:09:23 2018	1524064163	0	17077	17077	17062
Wed Apr 18 09:10:39 2018	1524064239	0	17078	17078	17078
Wed Apr 18 09:09:31 2018	1524064171	0	17150	17150	17150
Wed Apr 18 09:09:23 2018	1524064163	0	17155	17155	17155
Wed Apr 18 09:10:39 2018	1524064239	0	17186	17186	17171
Wed Apr 18 09:09:31 2018	1524064171	0	17259	17259	17259
Wed Apr 18 09:10:39 2018	1524064239	0	17283	17283	17277
Wed Apr 18 09:09:23 2018	1524064163	0	17311	17311	17249
Wed Apr 18 09:09:31 2018	1524064171	0	17353	17353	17353
Wed Apr 18 09:10:39 2018	1524064239	0	17375	17375	17359
Wed Apr 18 09:09:23 2018	1524064163	0	17416	17416	17411
Wed Apr 18 09:09:31 2018	1524064171	1	17446	17447	17430
Wed Apr 18 09:10:39 2018	1524064239	0	17453	17453	17453
Wed Apr 18 09:09:23 2018	1524064163	0	17499	17499	17499
Wed Apr 18 09:09:31 2018	1524064171	0	17540	17540	17524
Wed Apr 18 09:10:39 2018	1524064239	0	17547	17547	17547
Wed Apr 18 09:09:23 2018	1524064163	0	17593	17593	17593
Wed Apr 18 09:09:31 2018	1524064171	0	17618	17618	17618
Wed Apr 18 09:10:39 2018	1524064239	0	17640	17640	17640
Wed Apr 18 09:09:23 2018	1524064163	0	17686	17686	17671
Wed Apr 18 09:09:31 2018	1524064171	0	17712	17712	17712
Wed Apr 18 09:10:39 2018	1524064239	0	17734	17734	17719
Wed Apr 18 09:09:23 2018	1524064163	0	17765	17765	17765
Wed Apr 18 09:09:31 2018	1524064171	1	17804	17805	17789
Wed Apr 18 09:10:39 2018	1524064239	0	17828	17828	17812
Wed Apr 18 09:09:23 2018	1524064163	0	17858	17858	17858
Wed Apr 18 09:10:39 2018	1524064239	0	17906	17906	17906
Wed Apr 18 09:09:31 2018	1524064171	0	17950	17950	17883
Wed Apr 18 09:09:23 2018	1524064163	0	17952	17952	17952
Wed Apr 18 09:10:39 2018	1524064239	0	18000	18000	18000
Wed Apr 18 09:09:31 2018	1524064171	0	18039	18039	18039
Wed Apr 18 09:09:23 2018	1524064163	0	18046	18046	18046
Wed Apr 18 09:10:39 2018	1524064239	0	18094	18094	18094
Wed Apr 18 09:09:31 2018	1524064171	0	18132	18132	18117
Wed Apr 18 09:09:23 2018	1524064163	0	18140	18140	18124
Wed Apr 18 09:10:39 2018	1524064239	0	18190	18190	18174
Wed Apr 18 09:09:31 2018	1524064171	0	18211	18211	18210
Wed Apr 18 09:09:23 2018	1524064163	0	18249	18249	18233
Wed Apr 18 09:10:39 2018	1524064239	0	18284	18284	18279
Wed Apr 18 09:09:31 2018	1524064171	0	18303	18303	18303
Wed Apr 18 09:09:23 2018	1524064163	0	18329	18329	18329
Wed Apr 18 09:10:39 2018	1524064239	0	18375	18375	18359
Wed Apr 18 09:09:31 2018	1524064171	0	18397	18397	18397
Wed Apr 18 09:09:23 2018	1524064163	0	18421	18421	18421
Wed Apr 18 09:10:39 2018	1524064239	0	18453	18453	18453
Wed Apr 18 09:09:49 2018	1524064189	1	18471	18472	18471
Wed Apr 18 09:09:50 2018	1524064190	0	18473	18473	18473
Wed Apr 18 09:09:50 2018	1524064190	0	18473	18473	18473
Wed Apr 18 09:09:50 2018	1524064190	0	18474	18474	18474
Wed Apr 18 09:09:48 2018	1524064188	0	18479	18479	18463
Wed Apr 18 09:09:50 2018	1524064190	0	18484	18484	18484
Wed Apr 18 09:09:50 2018	1524064190	0	18484	18484	18484
Wed Apr 18 09:09:49 2018	1524064189	0	18484	18484	18484
Wed Apr 18 09:09:49 2018	1524064189	0	18484	18484	18484
Wed Apr 18 09:09:49 2018	1524064189	0	18484	18484	18469
Wed Apr 18 09:09:49 2018	1524064189	0	18484	18484	18484
Wed Apr 18 09:09:49 2018	1524064189	0	18485	18485	18468
Wed Apr 18 09:09:31 2018	1524064171	0	18491	18491	18475
Wed Apr 18 09:09:49 2018	1524064189	0	18500	18500	18484
Wed Apr 18 09:09:49 2018	1524064189	0	18500	18500	18500
Wed Apr 18 09:09:49 2018	1524064189	0	18500	18500	18500
Wed Apr 18 09:09:51 2018	1524064191	0	18500	18500	18500
Wed Apr 18 09:09:49 2018	1524064189	0	18500	18500	18494
Wed Apr 18 09:09:49 2018	1524064189	0	18502	18502	18486
Wed Apr 18 09:09:50 2018	1524064190	0	18505	18505	18473
Wed Apr 18 09:09:50 2018	1524064190	0	18516	18516	18500
Wed Apr 18 09:09:50 2018	1524064190	16	18504	18520	18504
Wed Apr 18 09:09:48 2018	1524064188	0	18530	18530	18530
Wed Apr 18 09:09:48 2018	1524064188	0	18531	18531	18531
Wed Apr 18 09:09:48 2018	1524064188	0	18531	18531	18531
Wed Apr 18 09:09:48 2018	1524064188	0	18531	18531	18531
Wed Apr 18 09:09:50 2018	1524064190	0	18531	18531	18468
Wed Apr 18 09:09:48 2018	1524064188	0	18532	18532	18532
Wed Apr 18 09:09:48 2018	1524064188	0	18539	18539	18533
Wed Apr 18 09:09:52 2018	1524064192	0	18546	18546	18546
Wed Apr 18 09:09:50 2018	1524064190	0	18546	18546	18530
Wed Apr 18 09:09:48 2018	1524064188	0	18547	18547	18531
Wed Apr 18 09:10:39 2018	1524064239	0	18547	18547	18547
Wed Apr 18 09:09:51 2018	1524064191	0	18547	18547	18547
Wed Apr 18 09:09:47 2018	1524064187	0	18547	18547	18532
Wed Apr 18 09:09:48 2018	1524064188	0	18547	18547	18547
Wed Apr 18 09:09:51 2018	1524064191	0	18559	18559	18559
Wed Apr 18 09:09:52 2018	1524064192	0	18561	18561	18546
Wed Apr 18 09:09:52 2018	1524064192	0	18561	18561	18561
Wed Apr 18 09:09:51 2018	1524064191	0	18563	18563	18563
Wed Apr 18 09:09:51 2018	1524064191	0	18563	18563	18563
Wed Apr 18 09:09:51 2018	1524064191	0	18563	18563	18563
Wed Apr 18 09:09:51 2018	1524064191	0	18563	18563	18563
Wed Apr 18 09:09:51 2018	1524064191	0	18563	18563	18563
Wed Apr 18 09:09:51 2018	1524064191	0	18563	18563	18547
Wed Apr 18 09:09:48 2018	1524064188	0	18563	18563	18547
Wed Apr 18 09:09:51 2018	1524064191	0	18564	18564	18564
Wed Apr 18 09:09:31 2018	1524064171	0	18569	18569	18569
Wed Apr 18 09:09:23 2018	1524064163	0	18578	18578	18514
Wed Apr 18 09:09:51 2018	1524064191	0	18578	18578	18563
Wed Apr 18 09:09:54 2018	1524064194	0	18594	18594	18578
Wed Apr 18 09:09:53 2018	1524064193	0	18608	18608	18608
Wed Apr 18 09:09:47 2018	1524064187	0	18608	18608	18608
Wed Apr 18 09:09:47 2018	1524064187	0	18609	18609	18609
Wed Apr 18 09:09:56 2018	1524064196	0	18609	18609	18609
Wed Apr 18 09:09:56 2018	1524064196	0	18609	18609	18609
Wed Apr 18 09:09:53 2018	1524064193	0	18609	18609	18609
Wed Apr 18 09:09:54 2018	1524064194	0	18609	18609	18594
Wed Apr 18 09:09:53 2018	1524064193	0	18611	18611	18611
Wed Apr 18 09:09:56 2018	1524064196	0	18622	18622	18622
Wed Apr 18 09:09:53 2018	1524064193	0	18623	18623	18623
Wed Apr 18 09:09:47 2018	1524064187	0	18624	18624	18608
Wed Apr 18 09:09:47 2018	1524064187	0	18624	18624	18624
Wed Apr 18 09:09:55 2018	1524064195	0	18624	18624	18624
Wed Apr 18 09:09:55 2018	1524064195	0	18624	18624	18624
Wed Apr 18 09:09:55 2018	1524064195	0	18624	18624	18609
Wed Apr 18 09:09:52 2018	1524064192	0	18624	18624	18624
Wed Apr 18 09:09:53 2018	1524064193	0	18624	18624	18609
Wed Apr 18 09:09:53 2018	1524064193	0	18624	18624	18609
Wed Apr 18 09:09:53 2018	1524064193	0	18625	18625	18625
Wed Apr 18 09:09:53 2018	1524064193	0	18625	18625	18625
Wed Apr 18 09:09:53 2018	1524064193	0	18625	18625	18609
Wed Apr 18 09:09:53 2018	1524064193	0	18625	18625	18609
Wed Apr 18 09:09:53 2018	1524064193	0	18625	18625	18625
Wed Apr 18 09:09:54 2018	1524064194	0	18625	18625	18625
Wed Apr 18 09:09:54 2018	1524064194	0	18627	18627	18627
Wed Apr 18 09:09:54 2018	1524064194	0	18629	18629	18629
Wed Apr 18 09:09:43 2018	1524064183	0	18635	18635	18635
Wed Apr 18 09:09:43 2018	1524064183	0	18635	18635	18635
Wed Apr 18 09:09:46 2018	1524064186	0	18637	18637	18637
Wed Apr 18 09:09:55 2018	1524064195	0	18638	18638	18623
Wed Apr 18 09:09:43 2018	1524064183	0	18639	18639	18639
Wed Apr 18 09:09:43 2018	1524064183	0	18639	18639	18639
Wed Apr 18 09:09:44 2018	1524064184	0	18639	18639	18639
Wed Apr 18 09:09:52 2018	1524064192	0	18639	18639	18639
Wed Apr 18 09:09:52 2018	1524064192	0	18639	18639	18639
Wed Apr 18 09:09:52 2018	1524064192	0	18639	18639	18639
Wed Apr 18 09:09:52 2018	1524064192	0	18640	18640	18561
Wed Apr 18 09:09:55 2018	1524064195	0	18640	18640	18624
Wed Apr 18 09:09:56 2018	1524064196	0	18640	18640	18624
Wed Apr 18 09:09:47 2018	1524064187	0	18640	18640	18640
Wed Apr 18 09:09:44 2018	1524064184	0	18640	18640	18640
Wed Apr 18 09:09:44 2018	1524064184	0	18640	18640	18640
Wed Apr 18 09:09:55 2018	1524064195	0	18641	18641	18624
Wed Apr 18 09:09:56 2018	1524064196	0	18641	18641	18625
Wed Apr 18 09:09:56 2018	1524064196	0	18641	18641	18641
Wed Apr 18 09:10:39 2018	1524064239	0	18641	18641	18641
Wed Apr 18 09:09:54 2018	1524064194	0	18641	18641	18641
Wed Apr 18 09:09:54 2018	1524064194	0	18641	18641	18625
Wed Apr 18 09:09:54 2018	1524064194	0	18641	18641	18641
Wed Apr 18 09:09:55 2018	1524064195	0	18641	18641	18641
Wed Apr 18 09:09:55 2018	1524064195	0	18641	18641	18641
Wed Apr 18 09:09:46 2018	1524064186	0	18642	18642	18642
Wed Apr 18 09:09:46 2018	1524064186	0	18642	18642	18642
Wed Apr 18 09:09:55 2018	1524064195	0	18642	18642	18642
Wed Apr 18 09:09:55 2018	1524064195	0	18644	18644	18639
Wed Apr 18 09:09:43 2018	1524064183	0	18646	18646	18627
Wed Apr 18 09:09:44 2018	1524064184	0	18649	18649	18644
Wed Apr 18 09:09:43 2018	1524064183	0	18651	18651	18636
Wed Apr 18 09:09:46 2018	1524064186	0	18651	18651	18636
Wed Apr 18 09:09:42 2018	1524064182	0	18651	18651	18651
Wed Apr 18 09:09:42 2018	1524064182	0	18652	18652	18652
Wed Apr 18 09:09:54 2018	1524064194	0	18652	18652	18647
Wed Apr 18 09:09:42 2018	1524064182	0	18652	18652	18652
Wed Apr 18 09:09:44 2018	1524064184	0	18652	18652	18646
Wed Apr 18 09:09:43 2018	1524064183	0	18653	18653	18653
Wed Apr 18 09:09:43 2018	1524064183	0	18654	18654	18639
Wed Apr 18 09:09:43 2018	1524064183	0	18654	18654	18654
Wed Apr 18 09:09:44 2018	1524064184	0	18655	18655	18639
Wed Apr 18 09:09:52 2018	1524064192	0	18655	18655	18639
Wed Apr 18 09:09:52 2018	1524064192	0	18655	18655	18655
Wed Apr 18 09:09:52 2018	1524064192	0	18655	18655	18639
Wed Apr 18 09:09:47 2018	1524064187	0	18655	18655	18640
Wed Apr 18 09:09:47 2018	1524064187	0	18656	18656	18656
Wed Apr 18 09:09:44 2018	1524064184	0	18656	18656	18656
Wed Apr 18 09:09:44 2018	1524064184	0	18656	18656	18656
Wed Apr 18 09:09:44 2018	1524064184	0	18656	18656	18656
Wed Apr 18 09:09:44 2018	1524064184	0	18656	18656	18640
Wed Apr 18 09:09:43 2018	1524064183	0	18656	18656	18640
Wed Apr 18 09:09:43 2018	1524064183	0	18656	18656	18640
Wed Apr 18 09:09:47 2018	1524064187	0	18656	18656	18656
Wed Apr 18 09:09:54 2018	1524064194	0	18657	18657	18641
Wed Apr 18 09:09:54 2018	1524064194	0	18657	18657	18641
Wed Apr 18 09:09:45 2018	1524064185	0	18657	18657	18657
Wed Apr 18 09:09:46 2018	1524064186	0	18657	18657	18642
Wed Apr 18 09:09:46 2018	1524064186	0	18657	18657	18657
Wed Apr 18 09:09:47 2018	1524064187	0	18661	18661	18656
Wed Apr 18 09:09:23 2018	1524064163	0	18671	18671	18655
Wed Apr 18 09:09:45 2018	1524064185	0	18671	18671	18667
Wed Apr 18 09:09:45 2018	1524064185	0	18671	18671	18671
Wed Apr 18 09:09:45 2018	1524064185	0	18671	18671	18671
Wed Apr 18 09:09:56 2018	1524064196	0	18672	18672	18672
Wed Apr 18 09:09:46 2018	1524064186	0	18672	18672	18672
Wed Apr 18 09:09:46 2018	1524064186	0	18672	18672	18672
Wed Apr 18 09:09:44 2018	1524064184	0	18672	18672	18672
Wed Apr 18 09:09:45 2018	1524064185	0	18672	18672	18672
Wed Apr 18 09:09:45 2018	1524064185	0	18672	18672	18656
Wed Apr 18 09:09:56 2018	1524064196	0	18672	18672	18672
Wed Apr 18 09:09:56 2018	1524064196	0	18672	18672	18672
Wed Apr 18 09:09:42 2018	1524064182	0	18672	18672	18672
Wed Apr 18 09:09:42 2018	1524064182	0	18672	18672	18672
Wed Apr 18 09:09:46 2018	1524064186	0	18672	18672	18672
Wed Apr 18 09:09:45 2018	1524064185	0	18672	18672	18672
Wed Apr 18 09:09:45 2018	1524064185	0	18672	18672	18672
Wed Apr 18 09:09:57 2018	1524064197	0	18672	18672	18672
Wed Apr 18 09:09:57 2018	1524064197	0	18672	18672	18672
Wed Apr 18 09:09:57 2018	1524064197	0	18674	18674	18674
Wed Apr 18 09:09:45 2018	1524064185	0	18675	18675	18659
Wed Apr 18 09:09:31 2018	1524064171	0	18678	18678	18662
Wed Apr 18 09:09:45 2018	1524064185	0	18685	18685	18670
Wed Apr 18 09:09:45 2018	1524064185	0	18687	18687	18671
Wed Apr 18 09:09:56 2018	1524064196	0	18687	18687	18672
Wed Apr 18 09:09:56 2018	1524064196	0	18687	18687	18672
Wed Apr 18 09:09:42 2018	1524064182	0	18688	18688	18688
Wed Apr 18 09:09:42 2018	1524064182	0	18688	18688	18672
Wed Apr 18 09:09:41 2018	1524064181	0	18688	18688	18688
Wed Apr 18 09:09:46 2018	1524064186	0	18689	18689	18673
Wed Apr 18 09:09:42 2018	1524064182	0	18692	18692	18687
Wed Apr 18 09:09:42 2018	1524064182	0	18692	18692	18688
Wed Apr 18 09:09:41 2018	1524064181	0	18693	18693	18693
Wed Apr 18 09:09:46 2018	1524064186	0	18695	18695	18690
Wed Apr 18 09:09:57 2018	1524064197	0	18701	18701	18701
Wed Apr 18 09:09:58 2018	1524064198	0	18702	18702	18702
Wed Apr 18 09:09:57 2018	1524064197	0	18702	18702	18702
Wed Apr 18 09:09:41 2018	1524064181	0	18703	18703	18703
Wed Apr 18 09:09:35 2018	1524064175	0	18703	18703	18703
Wed Apr 18 09:09:41 2018	1524064181	0	18704	18704	18704
Wed Apr 18 09:09:41 2018	1524064181	0	18704	18704	18688
Wed Apr 18 09:09:41 2018	1524064181	0	18704	18704	18704
Wed Apr 18 09:09:40 2018	1524064180	0	18704	18704	18704
Wed Apr 18 09:09:41 2018	1524064181	0	18705	18705	18689
Wed Apr 18 09:09:41 2018	1524064181	0	18707	18707	18702
Wed Apr 18 09:09:57 2018	1524064197	0	18716	18716	18716
Wed Apr 18 09:09:57 2018	1524064197	0	18717	18717	18717
Wed Apr 18 09:09:57 2018	1524064197	0	18717	18717	18701
Wed Apr 18 09:09:58 2018	1524064198	0	18717	18717	18717
Wed Apr 18 09:09:35 2018	1524064175	0	18717	18717	18702
Wed Apr 18 09:09:58 2018	1524064198	0	18717	18717	18702
Wed Apr 18 09:09:58 2018	1524064198	0	18717	18717	18717
Wed Apr 18 09:09:35 2018	1524064175	0	18718	18718	18718
Wed Apr 18 09:09:35 2018	1524064175	0	18718	18718	18718
Wed Apr 18 09:09:35 2018	1524064175	0	18718	18718	18718
Wed Apr 18 09:09:35 2018	1524064175	0	18719	18719	18703
Wed Apr 18 09:09:36 2018	1524064176	0	18719	18719	18719
Wed Apr 18 09:09:36 2018	1524064176	0	18719	18719	18719
Wed Apr 18 09:09:36 2018	1524064176	0	18719	18719	18719
Wed Apr 18 09:09:41 2018	1524064181	0	18719	18719	18704
Wed Apr 18 09:09:41 2018	1524064181	0	18720	18720	18704
Wed Apr 18 09:09:58 2018	1524064198	0	18720	18720	18715
Wed Apr 18 09:09:58 2018	1524064198	0	18722	18722	18717
Wed Apr 18 09:09:36 2018	1524064176	0	18731	18731	18726
Wed Apr 18 09:09:36 2018	1524064176	0	18732	18732	18732
Wed Apr 18 09:09:36 2018	1524064176	0	18733	18733	18720
Wed Apr 18 09:10:39 2018	1524064239	0	18734	18734	18719
Wed Apr 18 09:09:36 2018	1524064176	0	18735	18735	18719
Wed Apr 18 09:09:36 2018	1524064176	0	18735	18735	18735
Wed Apr 18 09:09:36 2018	1524064176	0	18735	18735	18719
Wed Apr 18 09:09:36 2018	1524064176	0	18735	18735	18735
Wed Apr 18 09:09:37 2018	1524064177	0	18748	18748	18748
Wed Apr 18 09:09:58 2018	1524064198	0	18749	18749	18749
Wed Apr 18 09:09:41 2018	1524064181	0	18749	18749	18749
Wed Apr 18 09:09:34 2018	1524064174	0	18749	18749	18749
Wed Apr 18 09:09:38 2018	1524064178	0	18749	18749	18749
Wed Apr 18 09:09:37 2018	1524064177	0	18750	18750	18750
Wed Apr 18 09:09:35 2018	1524064175	0	18750	18750	18750
Wed Apr 18 09:09:37 2018	1524064177	0	18750	18750	18734
Wed Apr 18 09:09:36 2018	1524064176	0	18750	18750	18735
Wed Apr 18 09:09:42 2018	1524064182	0	18751	18751	18751
Wed Apr 18 09:09:34 2018	1524064174	0	18751	18751	18751
Wed Apr 18 09:09:35 2018	1524064175	0	18751	18751	18735
Wed Apr 18 09:09:38 2018	1524064178	0	18751	18751	18751
Wed Apr 18 09:09:37 2018	1524064177	0	18752	18752	18736
Wed Apr 18 09:09:35 2018	1524064175	0	18752	18752	18752
Wed Apr 18 09:09:37 2018	1524064177	0	18752	18752	18747
Wed Apr 18 09:09:37 2018	1524064177	0	18764	18764	18748
Wed Apr 18 09:09:57 2018	1524064197	0	18764	18764	18764
Wed Apr 18 09:09:34 2018	1524064174	0	18764	18764	18764
Wed Apr 18 09:09:23 2018	1524064163	0	18764	18764	18749
Wed Apr 18 09:09:34 2018	1524064174	0	18765	18765	18749
Wed Apr 18 09:09:34 2018	1524064174	0	18765	18765	18765
Wed Apr 18 09:09:34 2018	1524064174	0	18765	18765	18749
Wed Apr 18 09:09:38 2018	1524064178	0	18765	18765	18765
Wed Apr 18 09:09:38 2018	1524064178	0	18765	18765	18749
Wed Apr 18 09:09:38 2018	1524064178	0	18765	18765	18765
Wed Apr 18 09:09:37 2018	1524064177	0	18765	18765	18765
Wed Apr 18 09:09:37 2018	1524064177	0	18765	18765	18765
Wed Apr 18 09:09:37 2018	1524064177	0	18765	18765	18750
Wed Apr 18 09:09:37 2018	1524064177	0	18765	18765	18765
Wed Apr 18 09:09:37 2018	1524064177	0	18765	18765	18734
Wed Apr 18 09:09:40 2018	1524064180	0	18765	18765	18765
Wed Apr 18 09:09:40 2018	1524064180	0	18765	18765	18765
Wed Apr 18 09:09:38 2018	1524064178	0	18766	18766	18766
Wed Apr 18 09:09:38 2018	1524064178	0	18766	18766	18766
Wed Apr 18 09:09:35 2018	1524064175	0	18767	18767	18750
Wed Apr 18 09:09:38 2018	1524064178	0	18767	18767	18767
Wed Apr 18 09:09:31 2018	1524064171	0	18771	18771	18755
Wed Apr 18 09:09:57 2018	1524064197	0	18779	18779	18764
Wed Apr 18 09:09:40 2018	1524064180	0	18781	18781	18765
Wed Apr 18 09:09:35 2018	1524064175	0	18781	18781	18750
Wed Apr 18 09:09:57 2018	1524064197	0	18781	18781	18688
Wed Apr 18 09:09:40 2018	1524064180	0	18788	18788	18788
Wed Apr 18 09:09:39 2018	1524064179	0	18790	18790	18775
Wed Apr 18 09:09:40 2018	1524064180	0	18796	18796	18796
Wed Apr 18 09:09:39 2018	1524064179	0	18796	18796	18796
Wed Apr 18 09:09:40 2018	1524064180	0	18797	18797	18797
Wed Apr 18 09:09:39 2018	1524064179	0	18798	18798	18798
Wed Apr 18 09:09:39 2018	1524064179	0	18798	18798	18798
Wed Apr 18 09:09:39 2018	1524064179	0	18798	18798	18798
Wed Apr 18 09:09:39 2018	1524064179	0	18798	18798	18798
Wed Apr 18 09:09:39 2018	1524064179	0	18798	18798	18798
Wed Apr 18 09:09:39 2018	1524064179	0	18798	18798	18798
Wed Apr 18 09:09:39 2018	1524064179	0	18798	18798	18782
Wed Apr 18 09:09:39 2018	1524064179	0	18798	18798	18782
Wed Apr 18 09:09:33 2018	1524064173	0	18798	18798	18798
Wed Apr 18 09:09:33 2018	1524064173	0	18798	18798	18798
Wed Apr 18 09:09:38 2018	1524064178	0	18799	18799	18736
Wed Apr 18 09:09:38 2018	1524064178	0	18799	18799	18799
Wed Apr 18 09:09:40 2018	1524064180	0	18804	18804	18799
Wed Apr 18 09:09:33 2018	1524064173	0	18812	18812	18812
Wed Apr 18 09:09:40 2018	1524064180	0	18812	18812	18797
Wed Apr 18 09:09:40 2018	1524064180	0	18812	18812	18797
Wed Apr 18 09:09:39 2018	1524064179	0	18812	18812	18806
Wed Apr 18 09:09:34 2018	1524064174	0	18813	18813	18813
Wed Apr 18 09:09:34 2018	1524064174	0	18813	18813	18813
Wed Apr 18 09:10:39 2018	1524064239	0	18813	18813	18813
Wed Apr 18 09:09:34 2018	1524064174	0	18814	18814	18798
Wed Apr 18 09:09:33 2018	1524064173	0	18814	18814	18798
Wed Apr 18 09:09:34 2018	1524064174	1	18816	18817	18816
Wed Apr 18 09:09:58 2018	1524064198	0	18821	18821	18790
Wed Apr 18 09:09:58 2018	1524064198	0	18824	18824	18824
Wed Apr 18 09:09:58 2018	1524064198	0	18830	18830	18830
Wed Apr 18 09:09:59 2018	1524064199	0	18830	18830	18830
Wed Apr 18 09:09:58 2018	1524064198	0	18833	18833	18833
Wed Apr 18 09:09:59 2018	1524064199	0	18841	18841	18836
Wed Apr 18 09:09:59 2018	1524064199	0	18843	18843	18843
Wed Apr 18 09:09:59 2018	1524064199	0	18843	18843	18843
Wed Apr 18 09:09:59 2018	1524064199	0	18844	18844	18844
Wed Apr 18 09:09:59 2018	1524064199	0	18844	18844	18844
Wed Apr 18 09:09:59 2018	1524064199	0	18844	18844	18844
Wed Apr 18 09:09:59 2018	1524064199	0	18844	18844	18844
Wed Apr 18 09:09:59 2018	1524064199	0	18844	18844	18828
Wed Apr 18 09:09:33 2018	1524064173	0	18845	18845	18845
Wed Apr 18 09:09:33 2018	1524064173	0	18845	18845	18845
Wed Apr 18 09:09:33 2018	1524064173	0	18845	18845	18845
Wed Apr 18 09:09:23 2018	1524064163	0	18858	18858	18843
Wed Apr 18 09:09:33 2018	1524064173	0	18860	18860	18859
Wed Apr 18 09:09:33 2018	1524064173	0	18860	18860	18845
Wed Apr 18 09:10:00 2018	1524064200	1	18860	18861	18860
Wed Apr 18 09:09:31 2018	1524064171	0	18865	18865	18860
Wed Apr 18 09:09:33 2018	1524064173	0	18878	18878	18863
Wed Apr 18 09:10:00 2018	1524064200	0	18881	18881	18865
Wed Apr 18 09:10:00 2018	1524064200	0	18881	18881	18881
Wed Apr 18 09:09:59 2018	1524064199	0	18889	18889	18889
Wed Apr 18 09:09:32 2018	1524064172	0	18890	18890	18890
Wed Apr 18 09:09:32 2018	1524064172	0	18890	18890	18890
Wed Apr 18 09:09:59 2018	1524064199	0	18891	18891	18885
Wed Apr 18 09:09:32 2018	1524064172	0	18905	18905	18905
Wed Apr 18 09:09:32 2018	1524064172	0	18905	18905	18905
Wed Apr 18 09:09:32 2018	1524064172	0	18905	18905	18890
Wed Apr 18 09:10:39 2018	1524064239	0	18906	18906	18906
Wed Apr 18 09:09:32 2018	1524064172	0	18907	18907	18907
Wed Apr 18 09:10:00 2018	1524064200	0	18911	18911	18911
Wed Apr 18 09:10:00 2018	1524064200	0	18920	18920	18917
Wed Apr 18 09:09:32 2018	1524064172	1	18919	18920	18919
Wed Apr 18 09:09:32 2018	1524064172	0	18921	18921	18921
Wed Apr 18 09:10:00 2018	1524064200	0	18921	18921	18905
Wed Apr 18 09:10:40 2018	1524064240	0	18922	18922	18922
Wed Apr 18 09:10:01 2018	1524064201	0	18922	18922	18922
Wed Apr 18 09:10:01 2018	1524064201	0	18925	18925	18920
Wed Apr 18 09:10:00 2018	1524064200	0	18928	18928	18928
Wed Apr 18 09:10:39 2018	1524064239	0	18930	18930	18914
Wed Apr 18 09:09:31 2018	1524064171	0	18931	18931	18931
Wed Apr 18 09:10:00 2018	1524064200	0	18936	18936	18932
Wed Apr 18 09:09:23 2018	1524064163	0	18936	18936	18936
Wed Apr 18 09:09:32 2018	1524064172	0	18937	18937	18921
Wed Apr 18 09:09:32 2018	1524064172	0	18937	18937	18937
Wed Apr 18 09:09:32 2018	1524064172	0	18937	18937	18921
Wed Apr 18 09:10:00 2018	1524064200	0	18937	18937	18937
Wed Apr 18 09:10:00 2018	1524064200	0	18937	18937	18937
Wed Apr 18 09:10:01 2018	1524064201	0	18938	18938	18922
Wed Apr 18 09:10:40 2018	1524064240	0	18938	18938	18933
Wed Apr 18 09:09:31 2018	1524064171	0	18939	18939	18939
Wed Apr 18 09:09:31 2018	1524064171	0	18939	18939	18939
Wed Apr 18 09:10:39 2018	1524064239	1	18947	18948	18931
Wed Apr 18 09:09:31 2018	1524064171	0	18950	18950	18945
Wed Apr 18 09:10:01 2018	1524064201	0	18951	18951	18951
Wed Apr 18 09:10:39 2018	1524064239	0	18953	18953	18953
Wed Apr 18 09:09:31 2018	1524064171	0	18954	18954	18939
Wed Apr 18 09:09:31 2018	1524064171	0	18954	18954	18954
Wed Apr 18 09:10:01 2018	1524064201	0	18987	18987	18972
Wed Apr 18 09:09:31 2018	1524064171	0	18995	18995	18995
Wed Apr 18 09:09:31 2018	1524064171	0	18996	18996	18933
Wed Apr 18 09:10:40 2018	1524064240	0	19000	19000	19000
Wed Apr 18 09:10:40 2018	1524064240	0	19000	19000	18984
Wed Apr 18 09:10:40 2018	1524064240	0	19001	19001	18937
Wed Apr 18 09:09:31 2018	1524064171	0	19001	19001	18985
Wed Apr 18 09:10:01 2018	1524064201	0	19002	19002	19002
Wed Apr 18 09:09:31 2018	1524064171	0	19011	19011	19011
Wed Apr 18 09:10:03 2018	1524064203	0	19015	19015	19015
Wed Apr 18 09:10:03 2018	1524064203	0	19015	19015	19015
Wed Apr 18 09:10:03 2018	1524064203	0	19015	19015	19015
Wed Apr 18 09:10:02 2018	1524064202	0	19017	19017	19017
Wed Apr 18 09:10:02 2018	1524064202	0	19017	19017	19017
Wed Apr 18 09:10:01 2018	1524064201	0	19021	19021	19021
Wed Apr 18 09:10:02 2018	1524064202	0	19022	19022	19022
Wed Apr 18 09:10:03 2018	1524064203	0	19028	19028	19028
Wed Apr 18 09:10:03 2018	1524064203	0	19028	19028	19012
Wed Apr 18 09:10:01 2018	1524064201	0	19031	19031	19012
Wed Apr 18 09:10:02 2018	1524064202	0	19031	19031	19016
Wed Apr 18 09:10:02 2018	1524064202	0	19031	19031	19031
Wed Apr 18 09:10:03 2018	1524064203	0	19032	19032	19016
Wed Apr 18 09:10:03 2018	1524064203	0	19032	19032	19016
Wed Apr 18 09:10:03 2018	1524064203	0	19032	19032	19032
Wed Apr 18 09:10:03 2018	1524064203	0	19032	19032	19032
Wed Apr 18 09:10:02 2018	1524064202	0	19033	19033	19017
Wed Apr 18 09:10:02 2018	1524064202	0	19033	19033	19033
Wed Apr 18 09:10:02 2018	1524064202	0	19033	19033	19033
Wed Apr 18 09:10:02 2018	1524064202	0	19033	19033	19017
Wed Apr 18 09:10:02 2018	1524064202	0	19033	19033	19033
Wed Apr 18 09:10:01 2018	1524064201	0	19034	19034	19030
Wed Apr 18 09:10:01 2018	1524064201	0	19035	19035	19035
Wed Apr 18 09:10:02 2018	1524064202	0	19035	19035	19030
Wed Apr 18 09:10:01 2018	1524064201	16	19021	19037	19021
Wed Apr 18 09:10:03 2018	1524064203	0	19037	19037	19037
Wed Apr 18 09:10:04 2018	1524064204	0	19037	19037	19037
Wed Apr 18 09:10:04 2018	1524064204	0	19037	19037	19037
Wed Apr 18 09:10:04 2018	1524064204	0	19042	19042	19026
Wed Apr 18 09:09:23 2018	1524064163	0	19046	19046	19046
Wed Apr 18 09:10:04 2018	1524064204	0	19046	19046	19041
Wed Apr 18 09:10:03 2018	1524064203	0	19047	19047	19032
Wed Apr 18 09:10:04 2018	1524064204	0	19051	19051	19036
Wed Apr 18 09:10:04 2018	1524064204	0	19053	19053	19037
Wed Apr 18 09:10:04 2018	1524064204	0	19067	19067	19050
Wed Apr 18 09:10:04 2018	1524064204	0	19082	19082	19082
Wed Apr 18 09:10:04 2018	1524064204	0	19097	19097	19081
Wed Apr 18 09:09:26 2018	1524064166	0	19104	19104	19104
Wed Apr 18 09:09:26 2018	1524064166	0	19118	19118	19118
Wed Apr 18 09:10:04 2018	1524064204	0	19125	19125	19125
Wed Apr 18 09:09:25 2018	1524064165	0	19130	19130	19130
Wed Apr 18 09:09:26 2018	1524064166	0	19134	19134	19134
Wed Apr 18 09:09:26 2018	1524064166	0	19134	19134	19118
Wed Apr 18 09:09:26 2018	1524064166	0	19134	19134	19118
Wed Apr 18 09:09:26 2018	1524064166	0	19134	19134	19134
Wed Apr 18 09:09:25 2018	1524064165	0	19138	19138	19138
Wed Apr 18 09:09:25 2018	1524064165	0	19139	19139	19139
Wed Apr 18 09:10:04 2018	1524064204	0	19139	19139	19139
Wed Apr 18 09:09:26 2018	1524064166	0	19141	19141	19125
Wed Apr 18 09:09:26 2018	1524064166	0	19141	19141	19141
Wed Apr 18 09:10:05 2018	1524064205	0	19145	19145	19145
Wed Apr 18 09:10:05 2018	1524064205	0	19145	19145	19145
Wed Apr 18 09:10:05 2018	1524064205	0	19145	19145	19145
Wed Apr 18 09:10:05 2018	1524064205	0	19145	19145	19145
Wed Apr 18 09:09:26 2018	1524064166	0	19149	19149	19134
Wed Apr 18 09:09:25 2018	1524064165	0	19155	19155	19139
Wed Apr 18 09:09:23 2018	1524064163	0	19155	19155	19139
Wed Apr 18 09:10:05 2018	1524064205	0	19161	19161	19145
Wed Apr 18 09:09:25 2018	1524064165	0	19186	19186	19171
Wed Apr 18 09:09:25 2018	1524064165	0	19186	19186	19186
Wed Apr 18 09:09:25 2018	1524064165	0	19202	19202	19202
Wed Apr 18 09:09:25 2018	1524064165	0	19202	19202	19202
Wed Apr 18 09:10:05 2018	1524064205	0	19208	19208	19161
Wed Apr 18 09:09:25 2018	1524064165	0	19213	19213	19213
Wed Apr 18 09:10:05 2018	1524064205	0	19217	19217	19217
Wed Apr 18 09:09:25 2018	1524064165	0	19218	19218	19202
Wed Apr 18 09:09:25 2018	1524064165	0	19218	19218	19202
Wed Apr 18 09:10:05 2018	1524064205	0	19218	19218	19218
Wed Apr 18 09:10:05 2018	1524064205	0	19218	19218	19218
Wed Apr 18 09:09:24 2018	1524064164	0	19218	19218	19218
Wed Apr 18 09:09:24 2018	1524064164	0	19219	19219	19219
Wed Apr 18 09:09:24 2018	1524064164	0	19220	19220	19220
Wed Apr 18 09:10:05 2018	1524064205	0	19224	19224	19224
Wed Apr 18 09:09:23 2018	1524064163	0	19249	19249	19249
Wed Apr 18 09:09:24 2018	1524064164	0	19250	19250	19250
Wed Apr 18 09:09:24 2018	1524064164	0	19281	19281	19281
Wed Apr 18 09:09:24 2018	1524064164	0	19281	19281	19281
Wed Apr 18 09:09:24 2018	1524064164	0	19281	19281	19266
Wed Apr 18 09:09:24 2018	1524064164	0	19281	19281	19266
Wed Apr 18 09:09:24 2018	1524064164	0	19281	19281	19281
Wed Apr 18 09:10:05 2018	1524064205	0	19289	19289	19289
Wed Apr 18 09:10:06 2018	1524064206	0	19296	19296	19280
Wed Apr 18 09:10:06 2018	1524064206	0	19296	19296	19296
Wed Apr 18 09:10:06 2018	1524064206	0	19296	19296	19296
Wed Apr 18 09:10:06 2018	1524064206	0	19296	19296	19296
Wed Apr 18 09:10:06 2018	1524064206	0	19296	19296	19281
Wed Apr 18 09:09:24 2018	1524064164	0	19297	19297	19281
Wed Apr 18 09:10:06 2018	1524064206	0	19298	19298	19282
Wed Apr 18 09:10:06 2018	1524064206	0	19300	19300	19300
Wed Apr 18 09:10:06 2018	1524064206	0	19306	19306	19290
Wed Apr 18 09:09:23 2018	1524064163	0	19311	19311	19295
Wed Apr 18 09:10:06 2018	1524064206	0	19312	19312	19296
Wed Apr 18 09:10:06 2018	1524064206	0	19313	19313	19311
Wed Apr 18 09:10:06 2018	1524064206	0	19313	19313	19298
Wed Apr 18 09:10:34 2018	1524064234	0	19328	19328	19312
Wed Apr 18 09:10:32 2018	1524064232	0	19329	19329	19329
Wed Apr 18 09:10:32 2018	1524064232	0	19329	19329	19329
Wed Apr 18 09:10:07 2018	1524064207	0	19330	19330	19314
Wed Apr 18 09:10:07 2018	1524064207	0	19330	19330	19330
Wed Apr 18 09:10:32 2018	1524064232	0	19330	19330	19314
Wed Apr 18 09:10:34 2018	1524064234	1	19336	19337	19336
Wed Apr 18 09:09:23 2018	1524064163	0	19342	19342	19342
Wed Apr 18 09:10:35 2018	1524064235	0	19343	19343	19343
Wed Apr 18 09:09:23 2018	1524064163	0	19343	19343	19343
Wed Apr 18 09:09:23 2018	1524064163	0	19343	19343	19343
Wed Apr 18 09:10:35 2018	1524064235	0	19344	19344	19344
Wed Apr 18 09:10:35 2018	1524064235	0	19344	19344	19344
Wed Apr 18 09:10:35 2018	1524064235	0	19359	19359	19344
Wed Apr 18 09:10:33 2018	1524064233	0	19360	19360	19360
Wed Apr 18 09:10:33 2018	1524064233	0	19360	19360	19360
Wed Apr 18 09:10:07 2018	1524064207	0	19361	19361	19345
Wed Apr 18 09:10:07 2018	1524064207	0	19361	19361	19345
Wed Apr 18 09:10:07 2018	1524064207	0	19361	19361	19361
Wed Apr 18 09:10:32 2018	1524064232	0	19376	19376	19376
Wed Apr 18 09:10:33 2018	1524064233	0	19376	19376	19360
Wed Apr 18 09:10:31 2018	1524064231	0	19385	19385	19385
Wed Apr 18 09:10:07 2018	1524064207	0	19390	19390	19374
Wed Apr 18 09:10:34 2018	1524064234	0	19390	19390	19390
Wed Apr 18 09:10:34 2018	1524064234	0	19390	19390	19390
Wed Apr 18 09:10:35 2018	1524064235	0	19391	19391	19375
Wed Apr 18 09:10:32 2018	1524064232	0	19391	19391	19376
Wed Apr 18 09:10:32 2018	1524064232	0	19391	19391	19376
Wed Apr 18 09:10:33 2018	1524064233	0	19391	19391	19391
Wed Apr 18 09:10:07 2018	1524064207	0	19392	19392	19392
Wed Apr 18 09:10:32 2018	1524064232	0	19406	19406	19406
Wed Apr 18 09:10:34 2018	1524064234	0	19406	19406	19328
Wed Apr 18 09:10:35 2018	1524064235	0	19407	19407	19359
Wed Apr 18 09:10:32 2018	1524064232	0	19407	19407	19407
Wed Apr 18 09:10:07 2018	1524064207	0	19407	19407	19407
Wed Apr 18 09:10:07 2018	1524064207	0	19407	19407	19407
Wed Apr 18 09:10:34 2018	1524064234	0	19408	19408	19392
Wed Apr 18 09:10:34 2018	1524064234	0	19408	19408	19408
Wed Apr 18 09:10:34 2018	1524064234	0	19408	19408	19408
Wed Apr 18 09:10:34 2018	1524064234	0	19410	19410	19410
Wed Apr 18 09:10:07 2018	1524064207	0	19421	19421	19405
Wed Apr 18 09:10:32 2018	1524064232	0	19421	19421	19421
Wed Apr 18 09:10:32 2018	1524064232	0	19422	19422	19406
Wed Apr 18 09:10:08 2018	1524064208	0	19422	19422	19422
Wed Apr 18 09:10:33 2018	1524064233	0	19434	19434	19418
Wed Apr 18 09:10:33 2018	1524064233	0	19437	19437	19437
Wed Apr 18 09:10:33 2018	1524064233	0	19437	19437	19437
Wed Apr 18 09:10:30 2018	1524064230	0	19438	19438	19438
Wed Apr 18 09:10:09 2018	1524064209	0	19448	19448	19448
Wed Apr 18 09:10:33 2018	1524064233	0	19451	19451	19447
Wed Apr 18 09:10:33 2018	1524064233	0	19451	19451	19435
Wed Apr 18 09:10:29 2018	1524064229	0	19451	19451	19451
Wed Apr 18 09:10:33 2018	1524064233	0	19453	19453	19453
Wed Apr 18 09:10:09 2018	1524064209	0	19453	19453	19453
Wed Apr 18 09:10:29 2018	1524064229	0	19453	19453	19453
Wed Apr 18 09:10:31 2018	1524064231	0	19454	19454	19454
Wed Apr 18 09:10:09 2018	1524064209	0	19454	19454	19406
Wed Apr 18 09:10:33 2018	1524064233	0	19455	19455	19450
Wed Apr 18 09:10:09 2018	1524064209	0	19463	19463	19448
Wed Apr 18 09:10:29 2018	1524064229	0	19469	19469	19469
Wed Apr 18 09:10:29 2018	1524064229	0	19469	19469	19469
Wed Apr 18 09:10:29 2018	1524064229	0	19469	19469	19453
Wed Apr 18 09:10:31 2018	1524064231	0	19469	19469	19469
Wed Apr 18 09:10:30 2018	1524064230	0	19469	19469	19422
Wed Apr 18 09:10:09 2018	1524064209	0	19477	19477	19472
Wed Apr 18 09:10:08 2018	1524064208	0	19484	19484	19484
Wed Apr 18 09:10:29 2018	1524064229	0	19484	19484	19484
Wed Apr 18 09:10:08 2018	1524064208	1	19483	19484	19483
Wed Apr 18 09:10:09 2018	1524064209	0	19484	19484	19484
Wed Apr 18 09:10:11 2018	1524064211	0	19484	19484	19484
Wed Apr 18 09:10:11 2018	1524064211	0	19485	19485	19485
Wed Apr 18 09:10:11 2018	1524064211	0	19485	19485	19485
Wed Apr 18 09:10:31 2018	1524064231	0	19485	19485	19469
Wed Apr 18 09:10:09 2018	1524064209	0	19485	19485	19453
Wed Apr 18 09:10:09 2018	1524064209	0	19495	19495	19495
Wed Apr 18 09:10:09 2018	1524064209	0	19495	19495	19495
Wed Apr 18 09:10:09 2018	1524064209	0	19498	19498	19482
Wed Apr 18 09:10:29 2018	1524064229	0	19500	19500	19500
Wed Apr 18 09:10:08 2018	1524064208	0	19500	19500	19500
Wed Apr 18 09:10:10 2018	1524064210	0	19500	19500	19484
Wed Apr 18 09:10:11 2018	1524064211	0	19500	19500	19484
Wed Apr 18 09:10:29 2018	1524064229	0	19500	19500	19500
Wed Apr 18 09:10:31 2018	1524064231	0	19512	19512	19512
Wed Apr 18 09:10:31 2018	1524064231	0	19515	19515	19515
Wed Apr 18 09:10:11 2018	1524064211	0	19515	19515	19500
Wed Apr 18 09:10:10 2018	1524064210	0	19516	19516	19500
Wed Apr 18 09:10:10 2018	1524064210	0	19516	19516	19516
Wed Apr 18 09:10:29 2018	1524064229	0	19516	19516	19500
Wed Apr 18 09:10:30 2018	1524064230	0	19516	19516	19516
Wed Apr 18 09:10:11 2018	1524064211	0	19516	19516	19516
Wed Apr 18 09:10:11 2018	1524064211	0	19516	19516	19516
Wed Apr 18 09:10:11 2018	1524064211	0	19516	19516	19516
Wed Apr 18 09:10:11 2018	1524064211	0	19530	19530	19514
Wed Apr 18 09:10:31 2018	1524064231	0	19530	19530	19530
Wed Apr 18 09:10:31 2018	1524064231	0	19530	19530	19515
Wed Apr 18 09:10:31 2018	1524064231	0	19530	19530	19530
Wed Apr 18 09:10:10 2018	1524064210	0	19531	19531	19516
Wed Apr 18 09:10:30 2018	1524064230	0	19531	19531	19469
Wed Apr 18 09:10:10 2018	1524064210	0	19531	19531	19531
Wed Apr 18 09:10:08 2018	1524064208	0	19531	19531	19531
Wed Apr 18 09:10:08 2018	1524064208	0	19532	19532	19454
Wed Apr 18 09:10:08 2018	1524064208	0	19532	19532	19532
Wed Apr 18 09:10:08 2018	1524064208	0	19532	19532	19532
Wed Apr 18 09:10:11 2018	1524064211	0	19532	19532	19516
Wed Apr 18 09:10:08 2018	1524064208	0	19532	19532	19532
Wed Apr 18 09:10:31 2018	1524064231	0	19533	19533	19528
Wed Apr 18 09:10:10 2018	1524064210	0	19534	19534	19534
Wed Apr 18 09:10:30 2018	1524064230	0	19534	19534	19516
Wed Apr 18 09:10:11 2018	1524064211	0	19534	19534	19529
Wed Apr 18 09:10:30 2018	1524064230	0	19546	19546	19518
Wed Apr 18 09:10:30 2018	1524064230	0	19547	19547	19531
Wed Apr 18 09:10:08 2018	1524064208	0	19547	19547	19531
Wed Apr 18 09:10:10 2018	1524064210	0	19547	19547	19547
Wed Apr 18 09:10:08 2018	1524064208	0	19553	19553	19548
Wed Apr 18 09:10:27 2018	1524064227	0	19557	19557	19557
Wed Apr 18 09:10:30 2018	1524064230	0	19562	19562	19547
Wed Apr 18 09:10:30 2018	1524064230	0	19562	19562	19547
Wed Apr 18 09:10:30 2018	1524064230	0	19563	19563	19547
Wed Apr 18 09:10:28 2018	1524064228	0	19563	19563	19563
Wed Apr 18 09:10:10 2018	1524064210	0	19563	19563	19563
Wed Apr 18 09:10:28 2018	1524064228	0	19570	19570	19570
Wed Apr 18 09:10:27 2018	1524064227	0	19577	19577	19562
Wed Apr 18 09:10:28 2018	1524064228	0	19577	19577	19577
Wed Apr 18 09:10:27 2018	1524064227	0	19578	19578	19578
Wed Apr 18 09:10:27 2018	1524064227	0	19578	19578	19562
Wed Apr 18 09:10:27 2018	1524064227	0	19578	19578	19578
Wed Apr 18 09:10:28 2018	1524064228	0	19578	19578	19578
Wed Apr 18 09:10:28 2018	1524064228	0	19578	19578	19578
Wed Apr 18 09:10:10 2018	1524064210	0	19578	19578	19563
Wed Apr 18 09:10:10 2018	1524064210	0	19578	19578	19578
Wed Apr 18 09:10:12 2018	1524064212	0	19579	19579	19579
Wed Apr 18 09:10:12 2018	1524064212	0	19579	19579	19579
Wed Apr 18 09:10:28 2018	1524064228	0	19580	19580	19580
Wed Apr 18 09:10:28 2018	1524064228	0	19583	19583	19583
Wed Apr 18 09:10:28 2018	1524064228	0	19583	19583	19568
Wed Apr 18 09:10:28 2018	1524064228	0	19583	19583	19583
Wed Apr 18 09:10:28 2018	1524064228	0	19594	19594	19578
Wed Apr 18 09:10:12 2018	1524064212	0	19594	19594	19594
Wed Apr 18 09:10:28 2018	1524064228	0	19599	19599	19583
Wed Apr 18 09:10:12 2018	1524064212	0	19657	19657	19657
Wed Apr 18 09:10:12 2018	1524064212	0	19663	19663	19659
Wed Apr 18 09:10:27 2018	1524064227	0	19672	19672	19672
Wed Apr 18 09:10:12 2018	1524064212	0	19672	19672	19656
Wed Apr 18 09:10:12 2018	1524064212	0	19672	19672	19656
Wed Apr 18 09:10:13 2018	1524064213	0	19673	19673	19673
Wed Apr 18 09:10:12 2018	1524064212	0	19677	19677	19677
Wed Apr 18 09:10:13 2018	1524064213	0	19687	19687	19671
Wed Apr 18 09:10:27 2018	1524064227	0	19687	19687	19686
Wed Apr 18 09:10:13 2018	1524064213	0	19688	19688	19672
Wed Apr 18 09:10:27 2018	1524064227	0	19702	19702	19686
Wed Apr 18 09:10:13 2018	1524064213	0	19702	19702	19702
Wed Apr 18 09:10:27 2018	1524064227	0	19702	19702	19702
Wed Apr 18 09:10:25 2018	1524064225	0	19703	19703	19703
Wed Apr 18 09:10:14 2018	1524064214	0	19703	19703	19703
Wed Apr 18 09:10:13 2018	1524064213	0	19715	19715	19699
Wed Apr 18 09:10:25 2018	1524064225	0	19717	19717	19701
Wed Apr 18 09:10:13 2018	1524064213	0	19717	19717	19717
Wed Apr 18 09:10:13 2018	1524064213	0	19718	19718	19718
Wed Apr 18 09:10:13 2018	1524064213	0	19718	19718	19718
Wed Apr 18 09:10:13 2018	1524064213	0	19718	19718	19718
Wed Apr 18 09:10:27 2018	1524064227	16	19702	19718	19702
Wed Apr 18 09:10:25 2018	1524064225	0	19719	19719	19719
Wed Apr 18 09:10:25 2018	1524064225	0	19719	19719	19703
Wed Apr 18 09:10:25 2018	1524064225	0	19719	19719	19719
Wed Apr 18 09:10:25 2018	1524064225	0	19719	19719	19719
Wed Apr 18 09:10:25 2018	1524064225	0	19719	19719	19703
Wed Apr 18 09:10:12 2018	1524064212	0	19719	19719	19688
Wed Apr 18 09:10:12 2018	1524064212	0	19719	19719	19719
Wed Apr 18 09:10:12 2018	1524064212	0	19719	19719	19719
Wed Apr 18 09:10:26 2018	1524064226	0	19719	19719	19719
Wed Apr 18 09:10:14 2018	1524064214	0	19721	19721	19721
Wed Apr 18 09:10:25 2018	1524064225	0	19731	19731	19726
Wed Apr 18 09:10:26 2018	1524064226	0	19733	19733	19717
Wed Apr 18 09:10:26 2018	1524064226	0	19733	19733	19717
Wed Apr 18 09:10:26 2018	1524064226	0	19733	19733	19701
Wed Apr 18 09:10:13 2018	1524064213	0	19733	19733	19718
Wed Apr 18 09:10:13 2018	1524064213	0	19733	19733	19718
Wed Apr 18 09:10:14 2018	1524064214	0	19738	19738	19732
Wed Apr 18 09:10:14 2018	1524064214	0	19750	19750	19734
Wed Apr 18 09:10:26 2018	1524064226	0	19751	19751	19735
Wed Apr 18 09:10:14 2018	1524064214	0	19751	19751	19735
Wed Apr 18 09:10:26 2018	1524064226	0	19764	19764	19749
Wed Apr 18 09:10:26 2018	1524064226	0	19764	19764	19764
Wed Apr 18 09:10:26 2018	1524064226	0	19764	19764	19764
Wed Apr 18 09:10:26 2018	1524064226	0	19780	19780	19780
Wed Apr 18 09:10:26 2018	1524064226	0	19780	19780	19702
Wed Apr 18 09:10:15 2018	1524064215	0	19795	19795	19795
Wed Apr 18 09:10:14 2018	1524064214	0	19796	19796	19796
Wed Apr 18 09:10:15 2018	1524064215	0	19796	19796	19796
Wed Apr 18 09:10:25 2018	1524064225	0	19797	19797	19797
Wed Apr 18 09:10:24 2018	1524064224	0	19797	19797	19797
Wed Apr 18 09:10:25 2018	1524064225	0	19797	19797	19797
Wed Apr 18 09:10:20 2018	1524064220	0	19803	19803	19803
Wed Apr 18 09:10:24 2018	1524064224	0	19807	19807	19807
Wed Apr 18 09:10:24 2018	1524064224	0	19807	19807	19792
Wed Apr 18 09:10:14 2018	1524064214	0	19811	19811	19811
Wed Apr 18 09:10:14 2018	1524064214	0	19811	19811	19811
Wed Apr 18 09:10:15 2018	1524064215	0	19812	19812	19812
Wed Apr 18 09:10:15 2018	1524064215	0	19812	19812	19812
Wed Apr 18 09:10:15 2018	1524064215	0	19812	19812	19796
Wed Apr 18 09:10:20 2018	1524064220	0	19813	19813	19813
Wed Apr 18 09:10:14 2018	1524064214	0	19813	19813	19813
Wed Apr 18 09:10:14 2018	1524064214	0	19813	19813	19797
Wed Apr 18 09:10:20 2018	1524064220	0	19821	19821	19821
Wed Apr 18 09:10:21 2018	1524064221	0	19827	19827	19827
Wed Apr 18 09:10:20 2018	1524064220	0	19830	19830	19830
Wed Apr 18 09:10:20 2018	1524064220	0	19832	19832	19832
Wed Apr 18 09:10:21 2018	1524064221	0	19841	19841	19836
Wed Apr 18 09:10:21 2018	1524064221	0	19844	19844	19828
Wed Apr 18 09:10:21 2018	1524064221	0	19844	19844	19844
Wed Apr 18 09:10:21 2018	1524064221	0	19844	19844	19844
Wed Apr 18 09:10:20 2018	1524064220	0	19844	19844	19813
Wed Apr 18 09:10:20 2018	1524064220	0	19846	19846	19846
Wed Apr 18 09:10:15 2018	1524064215	0	19851	19851	19845
Wed Apr 18 09:10:15 2018	1524064215	0	19859	19859	19843
Wed Apr 18 09:10:15 2018	1524064215	0	19859	19859	19859
Wed Apr 18 09:10:15 2018	1524064215	0	19859	19859	19859
Wed Apr 18 09:10:24 2018	1524064224	0	19870	19870	19870
Wed Apr 18 09:10:24 2018	1524064224	0	19870	19870	19870
Wed Apr 18 09:10:24 2018	1524064224	0	19870	19870	19870
Wed Apr 18 09:10:24 2018	1524064224	0	19882	19882	19876
Wed Apr 18 09:10:24 2018	1524064224	0	19885	19885	19870
Wed Apr 18 09:10:24 2018	1524064224	0	19885	19885	19870
Wed Apr 18 09:10:19 2018	1524064219	0	19889	19889	19889
Wed Apr 18 09:10:24 2018	1524064224	0	19893	19893	19893
Wed Apr 18 09:10:20 2018	1524064220	0	19893	19893	19877
Wed Apr 18 09:10:19 2018	1524064219	1	19893	19894	19889
Wed Apr 18 09:10:20 2018	1524064220	0	19914	19914	19877
Wed Apr 18 09:10:23 2018	1524064223	0	19919	19919	19919
Wed Apr 18 09:10:20 2018	1524064220	0	19922	19922	19922
Wed Apr 18 09:10:23 2018	1524064223	0	19949	19949	19949
Wed Apr 18 09:10:23 2018	1524064223	0	19950	19950	19934
Wed Apr 18 09:10:23 2018	1524064223	0	19965	19965	19965
Wed Apr 18 09:10:23 2018	1524064223	0	19974	19974	19974
Wed Apr 18 09:10:23 2018	1524064223	0	19978	19978	19978
Wed Apr 18 09:10:22 2018	1524064222	0	19985	19985	19985
Wed Apr 18 09:10:23 2018	1524064223	0	19986	19986	19970
Wed Apr 18 09:10:22 2018	1524064222	0	19989	19989	19989
Wed Apr 18 09:10:23 2018	1524064223	0	19993	19993	19988
Wed Apr 18 09:10:19 2018	1524064219	0	19994	19994	19994
Wed Apr 18 09:10:23 2018	1524064223	0	19994	19994	19978
Wed Apr 18 09:10:23 2018	1524064223	0	19994	19994	19994
Wed Apr 18 09:10:21 2018	1524064221	0	20000	20000	20000
Wed Apr 18 09:10:21 2018	1524064221	0	20000	20000	19828
Wed Apr 18 09:10:22 2018	1524064222	0	20001	20001	20001
Wed Apr 18 09:10:22 2018	1524064222	0	20016	20016	20016
Wed Apr 18 09:10:22 2018	1524064222	0	20016	20016	20016
Wed Apr 18 09:10:22 2018	1524064222	0	20016	20016	20001
Wed Apr 18 09:10:22 2018	1524064222	0	20016	20016	20016
Wed Apr 18 09:10:22 2018	1524064222	0	20017	20017	20017
Wed Apr 18 09:10:22 2018	1524064222	0	20017	20017	20002
Wed Apr 18 09:10:22 2018	1524064222	0	20017	20017	20017
Wed Apr 18 09:10:22 2018	1524064222	0	20019	20019	20016
Wed Apr 18 09:10:21 2018	1524064221	0	20031	20031	20015
Wed Apr 18 09:10:21 2018	1524064221	0	20032	20032	20015
Wed Apr 18 09:10:21 2018	1524064221	0	20032	20032	20016
Wed Apr 18 09:10:19 2018	1524064219	0	20072	20072	20072
Wed Apr 18 09:10:19 2018	1524064219	0	20165	20165	20165
Wed Apr 18 09:10:19 2018	1524064219	0	20259	20259	20259
Wed Apr 18 09:10:19 2018	1524064219	0	20354	20354	20354
Wed Apr 18 09:10:19 2018	1524064219	0	20437	20437	20437
Wed Apr 18 09:10:19 2018	1524064219	0	20531	20531	20531
Wed Apr 18 09:10:19 2018	1524064219	0	20625	20625	20625
Wed Apr 18 09:10:19 2018	1524064219	1	20703	20704	20703
Wed Apr 18 09:10:18 2018	1524064218	0	20840	20840	20840
Wed Apr 18 09:10:18 2018	1524064218	0	20938	20938	20938
Wed Apr 18 09:10:18 2018	1524064218	0	21078	21078	21078
Wed Apr 18 09:10:18 2018	1524064218	0	21172	21172	21172
Wed Apr 18 09:10:18 2018	1524064218	0	21250	21250	21250
Wed Apr 18 09:10:18 2018	1524064218	0	21344	21344	21344
Wed Apr 18 09:10:18 2018	1524064218	0	21438	21438	21438
Wed Apr 18 09:10:18 2018	1524064218	0	21532	21532	21532
Wed Apr 18 09:10:18 2018	1524064218	0	21625	21625	21625
Wed Apr 18 09:10:18 2018	1524064218	0	21706	21706	21706
Wed Apr 18 09:10:17 2018	1524064217	0	21811	21811	21811
Wed Apr 18 09:10:17 2018	1524064217	0	21904	21904	21904
Wed Apr 18 09:10:17 2018	1524064217	0	21996	21996	21996
Wed Apr 18 09:10:17 2018	1524064217	0	22090	22090	22090
Wed Apr 18 09:10:17 2018	1524064217	0	22193	22193	22193
Wed Apr 18 09:10:17 2018	1524064217	0	22359	22359	22359
Wed Apr 18 09:10:17 2018	1524064217	0	22484	22484	22484
Wed Apr 18 09:10:17 2018	1524064217	0	22578	22578	22578
Wed Apr 18 09:10:17 2018	1524064217	0	22656	22656	22656
Wed Apr 18 09:10:16 2018	1524064216	0	22747	22747	22747
Wed Apr 18 09:10:16 2018	1524064216	0	22839	22839	22839
Wed Apr 18 09:10:16 2018	1524064216	0	22938	22938	22938
Wed Apr 18 09:10:16 2018	1524064216	0	23032	23032	23032
Wed Apr 18 09:10:16 2018	1524064216	0	23125	23125	23125
Wed Apr 18 09:10:16 2018	1524064216	0	23204	23204	23204
Wed Apr 18 09:10:16 2018	1524064216	0	23297	23297	23297
Wed Apr 18 09:10:16 2018	1524064216	0	23391	23391	23391
Wed Apr 18 09:10:16 2018	1524064216	0	23485	23485	23485
Wed Apr 18 09:10:16 2018	1524064216	0	23563	23563	23563
Wed Apr 18 09:10:16 2018	1524064216	0	23657	23657	23657
Wed Apr 18 09:10:15 2018	1524064215	0	23842	23842	23842
